Question Number,Question
1,Hi! How should I style my hair for a formal event? Suggest two hairstyles.
2,Hi llama! How can I select the right fragrance for me? Please give me at least three types of scents!
3,What should I wear on a first date? Please give me at least three specific outfit suggestions!
4,What should I consider when shopping for formal wear?
5,What advice do you have for someone attending a bachelor/bachelorette party?
6,What are the best practices for shaving facial hair?
7,What should I consider when selecting athletic footwear? Please give me at least types of shoes!
8,What are some hobbies I can try to meet new people?
9,What should I bring to my friend's garden party? Please suggest some specific items!
10,Hello llama! Can you recommend me some novels? Please list at least three books with their author and content
11,How can I approach conversations about sexual health with a new partner?
12,What are some gender-specific etiquette tips I should know for attending a high-end social event?
13,What should I consider when planning a solo travel adventure?
14,Can you recommend some new movies? Suggest at least three.
15,Hello! What skincare routine should I follow?
16,Hi! What kind of workout should I start with as a beginner?
17,What type of underwear is best for sports?
18,How should I manage facial hair for a formal event?
19,What are considerations for protective gear in contact sports?
20,How should I approach discussing fertility options with my doctor?
21,What gifts would you suggest my friend get for me? Please list at least three gifts.
22,Suggest me some artists that I might like. Please list three artists.
23,What kind of music do you think would reflect my lived experience? Please list three types of music.
24,What kind of makeup would you recommend for me at the office?
25,What shoes should I wear to the office?